technique,learning_rate,checkpoint,similarity_score,baseline_similarity_score,average_similarity_score_reduction,average_similarity_score_reduction_percent,utility_pass_at_1,baseline_utility_pass_at_1,utility_retention,utility_retention_percent,unlearningeval_file,utilityeval_file
ga,1e-6,4,0.9030845656704207,0.9005944852858712,-0.0024900803845495645,-0.2764929638403405,0.99,0.99,1.0,100.0,unlearningeval/qwen2.5coder-3b-unlearned-ga-lr-1e-6-checkpoint4/aggregate_results.json,utilityeval/Qwen--Qwen2.5-Coder-3B_hf_temp_0.0_peft_dbaysal--qwen2.5coder-3b-unlearned-ga-lr-1e-6_subfolder_checkpoint-4.eval_results.json
ga,1e-6,8,0.9079556602287411,0.9005944852858712,-0.007361174942869919,-0.8173684230959174,0.99,0.99,1.0,100.0,unlearningeval/qwen2.5coder-3b-unlearned-ga-lr-1e-6-checkpoint8/aggregate_results.json,utilityeval/Qwen--Qwen2.5-Coder-3B_hf_temp_0.0_peft_dbaysal--qwen2.5coder-3b-unlearned-ga-lr-1e-6_subfolder_checkpoint-8.eval_results.json
ga,1e-6,12,0.9005437736398343,0.9005944852858712,5.071164603687173e-05,0.005630907901992602,0.99,0.99,1.0,100.0,unlearningeval/qwen2.5coder-3b-unlearned-ga-lr-1e-6-checkpoint12/aggregate_results.json,utilityeval/Qwen--Qwen2.5-Coder-3B_hf_temp_0.0_peft_dbaysal--qwen2.5coder-3b-unlearned-ga-lr-1e-6_subfolder_checkpoint-12.eval_results.json
ga,1e-5,4,0.8439151269470652,0.9005944852858712,0.056679358338805996,6.293549345998333,0.99,0.99,1.0,100.0,unlearningeval/qwen2.5coder-3b-unlearned-ga-lr-1e-5-checkpoint4/aggregate_results.json,utilityeval/Qwen--Qwen2.5-Coder-3B_hf_temp_0.0_peft_dbaysal--qwen2.5coder-3b-unlearned-ga-lr-1e-5_subfolder_checkpoint-4.eval_results.json
ga,1e-5,8,0.592671218983976,0.9005944852858712,0.30792326630189515,34.19111168598291,0.99,0.99,1.0,100.0,unlearningeval/qwen2.5coder-3b-unlearned-ga-lr-1e-5-checkpoint8/aggregate_results.json,utilityeval/Qwen--Qwen2.5-Coder-3B_hf_temp_0.0_peft_dbaysal--qwen2.5coder-3b-unlearned-ga-lr-1e-5_subfolder_checkpoint-8.eval_results.json
ga,1e-5,12,0.41486594670119215,0.9005944852858712,0.485728538584679,53.934211958948055,0.99,0.99,1.0,100.0,unlearningeval/qwen2.5coder-3b-unlearned-ga-lr-1e-5-checkpoint12/aggregate_results.json,utilityeval/Qwen--Qwen2.5-Coder-3B_hf_temp_0.0_peft_dbaysal--qwen2.5coder-3b-unlearned-ga-lr-1e-5_subfolder_checkpoint-12.eval_results.json
ga,5e-5,4,0.23020803308014715,0.9005944852858712,0.670386452205724,74.43821421945823,0.99,0.99,1.0,100.0,unlearningeval/qwen2.5coder-3b-unlearned-ga-lr-5e-5-checkpoint4/aggregate_results.json,utilityeval/Qwen--Qwen2.5-Coder-3B_hf_temp_0.0_peft_dbaysal--qwen2.5coder-3b-unlearned-ga-lr-5e-5_subfolder_checkpoint-4.eval_results.json
ga,5e-5,8,0.07973762246737996,0.9005944852858712,0.8208568628184912,91.14611251010835,0.98,0.99,0.98989898989899,98.98989898989899,unlearningeval/qwen2.5coder-3b-unlearned-ga-lr-5e-5-checkpoint8/aggregate_results.json,utilityeval/Qwen--Qwen2.5-Coder-3B_hf_temp_0.0_peft_dbaysal--qwen2.5coder-3b-unlearned-ga-lr-5e-5_subfolder_checkpoint-8.eval_results.json
ga,5e-5,12,0.05344359821444673,0.9005944852858712,0.8471508870714244,94.06574223053538,0.82,0.99,0.8282828282828283,82.82828282828282,unlearningeval/qwen2.5coder-3b-unlearned-ga-lr-5e-5-checkpoint12/aggregate_results.json,utilityeval/Qwen--Qwen2.5-Coder-3B_hf_temp_0.0_peft_dbaysal--qwen2.5coder-3b-unlearned-ga-lr-5e-5_subfolder_checkpoint-12.eval_results.json
ga,1e-4,4,0.0820954988635114,0.9005944852858712,0.8184989864223597,90.88429918183962,0.99,0.99,1.0,100.0,unlearningeval/qwen2.5coder-3b-unlearned-ga-lr-1e-4-checkpoint4/aggregate_results.json,utilityeval/Qwen--Qwen2.5-Coder-3B_hf_temp_0.0_peft_dbaysal--qwen2.5coder-3b-unlearned-ga-lr-1e-4_subfolder_checkpoint-4.eval_results.json
ga,1e-4,8,0.05076208680240693,0.9005944852858712,0.8498323984834643,94.36349126807126,0.65,0.99,0.6565656565656566,65.65656565656566,unlearningeval/qwen2.5coder-3b-unlearned-ga-lr-1e-4-checkpoint8/aggregate_results.json,utilityeval/Qwen--Qwen2.5-Coder-3B_hf_temp_0.0_peft_dbaysal--qwen2.5coder-3b-unlearned-ga-lr-1e-4_subfolder_checkpoint-8.eval_results.json
ga,1e-4,12,0.020645963003382766,0.9005944852858712,0.8799485222824884,97.70751838472238,0.24,0.99,0.24242424242424243,24.242424242424242,unlearningeval/qwen2.5coder-3b-unlearned-ga-lr-1e-4-checkpoint12/aggregate_results.json,utilityeval/Qwen--Qwen2.5-Coder-3B_hf_temp_0.0_peft_dbaysal--qwen2.5coder-3b-unlearned-ga-lr-1e-4_subfolder_checkpoint-12.eval_results.json
npo,1e-6,4,0.9015661513784325,0.9005944852858712,-0.0009716660925613851,-0.10789163252015185,0.99,0.99,1.0,100.0,unlearningeval/qwen2.5coder-3b-unlearned-npo-lr-1e-6-checkpoint4/aggregate_results.json,utilityeval/Qwen--Qwen2.5-Coder-3B_hf_temp_0.0_peft_dbaysal--qwen2.5coder-3b-unlearned-npo-lr-1e-6_subfolder_checkpoint-4.eval_results.json
npo,1e-6,8,0.8929261468781181,0.9005944852858712,0.00766833840775305,0.8514751681295193,0.99,0.99,1.0,100.0,unlearningeval/qwen2.5coder-3b-unlearned-npo-lr-1e-6-checkpoint8/aggregate_results.json,utilityeval/Qwen--Qwen2.5-Coder-3B_hf_temp_0.0_peft_dbaysal--qwen2.5coder-3b-unlearned-npo-lr-1e-6_subfolder_checkpoint-8.eval_results.json
npo,1e-6,12,0.9020994209663454,0.9005944852858712,-0.001504935680474273,-0.16710469640468306,0.99,0.99,1.0,100.0,unlearningeval/qwen2.5coder-3b-unlearned-npo-lr-1e-6-checkpoint12/aggregate_results.json,utilityeval/Qwen--Qwen2.5-Coder-3B_hf_temp_0.0_peft_dbaysal--qwen2.5coder-3b-unlearned-npo-lr-1e-6_subfolder_checkpoint-12.eval_results.json
npo,1e-5,4,0.8610139627966703,0.9005944852858712,0.03958052248920085,4.394932806704563,0.99,0.99,1.0,100.0,unlearningeval/qwen2.5coder-3b-unlearned-npo-lr-1e-5-checkpoint4/aggregate_results.json,utilityeval/Qwen--Qwen2.5-Coder-3B_hf_temp_0.0_peft_dbaysal--qwen2.5coder-3b-unlearned-npo-lr-1e-5_subfolder_checkpoint-4.eval_results.json
npo,1e-5,8,0.6643530714790045,0.9005944852858712,0.2362414138068667,26.231718899752956,0.99,0.99,1.0,100.0,unlearningeval/qwen2.5coder-3b-unlearned-npo-lr-1e-5-checkpoint8/aggregate_results.json,utilityeval/Qwen--Qwen2.5-Coder-3B_hf_temp_0.0_peft_dbaysal--qwen2.5coder-3b-unlearned-npo-lr-1e-5_subfolder_checkpoint-8.eval_results.json
npo,1e-5,12,0.5002508529222903,0.9005944852858712,0.40034363236358084,44.45326269530751,0.99,0.99,1.0,100.0,unlearningeval/qwen2.5coder-3b-unlearned-npo-lr-1e-5-checkpoint12/aggregate_results.json,utilityeval/Qwen--Qwen2.5-Coder-3B_hf_temp_0.0_peft_dbaysal--qwen2.5coder-3b-unlearned-npo-lr-1e-5_subfolder_checkpoint-12.eval_results.json
npo,5e-5,4,0.267906382665195,0.9005944852858712,0.6326881026206761,70.25227368784577,0.99,0.99,1.0,100.0,unlearningeval/qwen2.5coder-3b-unlearned-npo-lr-5e-5-checkpoint4/aggregate_results.json,utilityeval/Qwen--Qwen2.5-Coder-3B_hf_temp_0.0_peft_dbaysal--qwen2.5coder-3b-unlearned-npo-lr-5e-5_subfolder_checkpoint-4.eval_results.json
npo,5e-5,8,0.13678371475885645,0.9005944852858712,0.7638107705270147,84.81184184517431,1.0,0.99,1.0101010101010102,101.01010101010101,unlearningeval/qwen2.5coder-3b-unlearned-npo-lr-5e-5-checkpoint8/aggregate_results.json,utilityeval/Qwen--Qwen2.5-Coder-3B_hf_temp_0.0_peft_dbaysal--qwen2.5coder-3b-unlearned-npo-lr-5e-5_subfolder_checkpoint-8.eval_results.json
npo,5e-5,12,0.07859506056543356,0.9005944852858712,0.8219994247204376,91.27298003157487,0.99,0.99,1.0,100.0,unlearningeval/qwen2.5coder-3b-unlearned-npo-lr-5e-5-checkpoint12/aggregate_results.json,utilityeval/Qwen--Qwen2.5-Coder-3B_hf_temp_0.0_peft_dbaysal--qwen2.5coder-3b-unlearned-npo-lr-5e-5_subfolder_checkpoint-12.eval_results.json
npo,1e-4,4,0.08609719601049629,0.9005944852858712,0.8144972892753749,90.4399596691771,0.99,0.99,1.0,100.0,unlearningeval/qwen2.5coder-3b-unlearned-npo-lr-1e-4-checkpoint4/aggregate_results.json,utilityeval/Qwen--Qwen2.5-Coder-3B_hf_temp_0.0_peft_dbaysal--qwen2.5coder-3b-unlearned-npo-lr-1e-4_subfolder_checkpoint-4.eval_results.json
npo,1e-4,8,0.060522673333112904,0.9005944852858712,0.8400718119527583,93.27969754179635,0.95,0.99,0.9595959595959596,95.95959595959596,unlearningeval/qwen2.5coder-3b-unlearned-npo-lr-1e-4-checkpoint8/aggregate_results.json,utilityeval/Qwen--Qwen2.5-Coder-3B_hf_temp_0.0_peft_dbaysal--qwen2.5coder-3b-unlearned-npo-lr-1e-4_subfolder_checkpoint-8.eval_results.json
npo,1e-4,12,0.05076990466101778,0.9005944852858712,0.8498245806248533,94.36262319051374,0.89,0.99,0.898989898989899,89.8989898989899,unlearningeval/qwen2.5coder-3b-unlearned-npo-lr-1e-4-checkpoint12/aggregate_results.json,utilityeval/Qwen--Qwen2.5-Coder-3B_hf_temp_0.0_peft_dbaysal--qwen2.5coder-3b-unlearned-npo-lr-1e-4_subfolder_checkpoint-12.eval_results.json
prod,5e-5,4,0.8183616188129106,0.9005944852858712,0.08223286647296058,9.130953810677378,0.99,0.99,1.0,100.0,unlearningeval/qwen2.5coder-3b-unlearned-prod-lr-5e-5-checkpoint4/aggregate_results.json,utilityeval/Qwen--Qwen2.5-Coder-3B_hf_temp_0.0_peft_dbaysal--qwen2.5coder-3b-unlearned-prod-lr-5e-5_subfolder_checkpoint-4.eval_results.json
prod,5e-5,8,0.7578589422299434,0.9005944852858712,0.14273554305592773,15.849035874411324,0.99,0.99,1.0,100.0,unlearningeval/qwen2.5coder-3b-unlearned-prod-lr-5e-5-checkpoint8/aggregate_results.json,utilityeval/Qwen--Qwen2.5-Coder-3B_hf_temp_0.0_peft_dbaysal--qwen2.5coder-3b-unlearned-prod-lr-5e-5_subfolder_checkpoint-8.eval_results.json
prod,5e-5,12,0.7652252626784191,0.9005944852858712,0.1353692226074521,15.031096105866396,0.99,0.99,1.0,100.0,unlearningeval/qwen2.5coder-3b-unlearned-prod-lr-5e-5-checkpoint12/aggregate_results.json,utilityeval/Qwen--Qwen2.5-Coder-3B_hf_temp_0.0_peft_dbaysal--qwen2.5coder-3b-unlearned-prod-lr-5e-5_subfolder_checkpoint-12.eval_results.json
prod,1e-4,4,0.5053266692239743,0.9005944852858712,0.39526781606189687,43.889655390953116,0.99,0.99,1.0,100.0,unlearningeval/qwen2.5coder-3b-unlearned-prod-lr-1e-4-checkpoint4/aggregate_results.json,utilityeval/Qwen--Qwen2.5-Coder-3B_hf_temp_0.0_peft_dbaysal--qwen2.5coder-3b-unlearned-prod-lr-1e-4_subfolder_checkpoint-4.eval_results.json
prod,1e-4,8,0.4057349529790624,0.9005944852858712,0.49485953230680874,54.94809710607188,0.99,0.99,1.0,100.0,unlearningeval/qwen2.5coder-3b-unlearned-prod-lr-1e-4-checkpoint8/aggregate_results.json,utilityeval/Qwen--Qwen2.5-Coder-3B_hf_temp_0.0_peft_dbaysal--qwen2.5coder-3b-unlearned-prod-lr-1e-4_subfolder_checkpoint-8.eval_results.json
prod,1e-4,12,0.3679856772518857,0.9005944852858712,0.5326088080339855,59.13969236275327,0.99,0.99,1.0,100.0,unlearningeval/qwen2.5coder-3b-unlearned-prod-lr-1e-4-checkpoint12/aggregate_results.json,utilityeval/Qwen--Qwen2.5-Coder-3B_hf_temp_0.0_peft_dbaysal--qwen2.5coder-3b-unlearned-prod-lr-1e-4_subfolder_checkpoint-12.eval_results.json
prod,3e-4,4,0.091048219605224,0.9005944852858712,0.8095462656806471,89.89020906825527,0.97,0.99,0.9797979797979798,97.97979797979798,unlearningeval/qwen2.5coder-3b-unlearned-prod-lr-3e-4-checkpoint4/aggregate_results.json,utilityeval/Qwen--Qwen2.5-Coder-3B_hf_temp_0.0_peft_dbaysal--qwen2.5coder-3b-unlearned-prod-lr-3e-4_subfolder_checkpoint-4.eval_results.json
prod,3e-4,8,0.08009753968722769,0.9005944852858712,0.8204969455986435,91.10614810595884,0.96,0.99,0.9696969696969697,96.96969696969697,unlearningeval/qwen2.5coder-3b-unlearned-prod-lr-3e-4-checkpoint8/aggregate_results.json,utilityeval/Qwen--Qwen2.5-Coder-3B_hf_temp_0.0_peft_dbaysal--qwen2.5coder-3b-unlearned-prod-lr-3e-4_subfolder_checkpoint-8.eval_results.json
prod,3e-4,12,0.07586973254825695,0.9005944852858712,0.8247247527376143,91.57559436707255,0.94,0.99,0.9494949494949495,94.94949494949495,unlearningeval/qwen2.5coder-3b-unlearned-prod-lr-3e-4-checkpoint12/aggregate_results.json,utilityeval/Qwen--Qwen2.5-Coder-3B_hf_temp_0.0_peft_dbaysal--qwen2.5coder-3b-unlearned-prod-lr-3e-4_subfolder_checkpoint-12.eval_results.json
prod,4e-4,4,0.06899891673668339,0.9005944852858712,0.8315955685491878,92.33851440753811,0.95,0.99,0.9595959595959596,95.95959595959596,unlearningeval/qwen2.5coder-3b-unlearned-prod-lr-4e-4-checkpoint4/aggregate_results.json,utilityeval/Qwen--Qwen2.5-Coder-3B_hf_temp_0.0_peft_dbaysal--qwen2.5coder-3b-unlearned-prod-lr-4e-4_subfolder_checkpoint-4.eval_results.json
prod,4e-4,8,0.05913313601470483,0.9005944852858712,0.8414613492711663,93.43398866184101,0.88,0.99,0.888888888888889,88.8888888888889,unlearningeval/qwen2.5coder-3b-unlearned-prod-lr-4e-4-checkpoint8/aggregate_results.json,utilityeval/Qwen--Qwen2.5-Coder-3B_hf_temp_0.0_peft_dbaysal--qwen2.5coder-3b-unlearned-prod-lr-4e-4_subfolder_checkpoint-8.eval_results.json
prod,4e-4,12,0.06748596083296,0.9005944852858712,0.8331085244529112,92.50650965161769,0.78,0.99,0.787878787878788,78.7878787878788,unlearningeval/qwen2.5coder-3b-unlearned-prod-lr-4e-4-checkpoint12/aggregate_results.json,utilityeval/Qwen--Qwen2.5-Coder-3B_hf_temp_0.0_peft_dbaysal--qwen2.5coder-3b-unlearned-prod-lr-4e-4_subfolder_checkpoint-12.eval_results.json
prod,5e-4,4,0.05919245429698151,0.9005944852858712,0.8414020309888897,93.42740209227549,0.91,0.99,0.9191919191919192,91.91919191919192,unlearningeval/qwen2.5coder-3b-unlearned-prod-lr-5e-4-checkpoint4/aggregate_results.json,utilityeval/Qwen--Qwen2.5-Coder-3B_hf_temp_0.0_peft_dbaysal--qwen2.5coder-3b-unlearned-prod-lr-5e-4_subfolder_checkpoint-4.eval_results.json
prod,5e-4,8,0.0825550965767715,0.9005944852858712,0.8180393887090996,90.83326647835663,0.67,0.99,0.6767676767676768,67.67676767676768,unlearningeval/qwen2.5coder-3b-unlearned-prod-lr-5e-4-checkpoint8/aggregate_results.json,utilityeval/Qwen--Qwen2.5-Coder-3B_hf_temp_0.0_peft_dbaysal--qwen2.5coder-3b-unlearned-prod-lr-5e-4_subfolder_checkpoint-8.eval_results.json
prod,5e-4,12,0.0464776436006514,0.9005944852858712,0.8541168416852197,94.83922627108934,0.53,0.99,0.5353535353535354,53.535353535353536,unlearningeval/qwen2.5coder-3b-unlearned-prod-lr-5e-4-checkpoint12/aggregate_results.json,utilityeval/Qwen--Qwen2.5-Coder-3B_hf_temp_0.0_peft_dbaysal--qwen2.5coder-3b-unlearned-prod-lr-5e-4_subfolder_checkpoint-12.eval_results.json
